<?xml version="1.0" encoding="UTF-8"?>
<!DOCTYPE manifest PUBLIC "DarManifest 0.1.0" "http://darformat.org/DarManifest-0.1.0.dtd"><dar><!-- Generated by Fidus Writer --><documents><document id="manuscript" name="3D-Digitalisierung und Langzeitarchivierung" type="article" path="manuscript.xml" /></documents><assets><asset id="1bf2bbbd-149e-42e3-9688-5349c2230a9c" mime-type="image/png" name="1" path="1bf2bbbd-149e-42e3-9688-5349c2230a9c.png"/><asset id="aef67e4d-ba8d-4c3b-aa93-180538ce8521" mime-type="image/png" name="2" path="aef67e4d-ba8d-4c3b-aa93-180538ce8521.png"/><asset id="084455be-e7eb-4935-bd26-9fa048184f34" mime-type="image/png" name="3" path="084455be-e7eb-4935-bd26-9fa048184f34.png"/><asset id="d7e233d1-915f-4c52-b3d1-18e93e78f9bb" mime-type="image/png" name="4" path="d7e233d1-915f-4c52-b3d1-18e93e78f9bb.png"/><asset id="2550bf43-a8fe-4b6c-a001-791f697a389f" mime-type="image/png" name="5" path="2550bf43-a8fe-4b6c-a001-791f697a389f.png"/><asset id="7fe98d36-3707-4ceb-ba63-6642e4d9e92f" mime-type="image/png" name="6" path="7fe98d36-3707-4ceb-ba63-6642e4d9e92f.png"/><asset id="97c278a4-7b53-4dd3-934f-4a56bd896a84" mime-type="image/png" name="7" path="97c278a4-7b53-4dd3-934f-4a56bd896a84.png"/><asset id="63735e55-48b7-439f-a25a-84402f27007d" mime-type="image/png" name="8" path="63735e55-48b7-439f-a25a-84402f27007d.png"/><asset id="3f2c7bb4-fde7-4859-b423-4beb309f1730" mime-type="image/png" name="9" path="3f2c7bb4-fde7-4859-b423-4beb309f1730.png"/><asset id="c311788f-07f7-4a45-9b48-1eac0238ff7a" mime-type="image/png" name="NFDI4C" path="c311788f-07f7-4a45-9b48-1eac0238ff7a.png"/><asset id="a25da50e-a434-4a58-a212-8effd5900985" mime-type="image/png" name="CCBY EN DE" path="a25da50e-a434-4a58-a212-8effd5900985.png"/></assets></dar>