<?xml version="1.0" encoding="UTF-8"?>
<!DOCTYPE article PUBLIC "-//NLM//DTD JATS (Z39.96) Journal Archiving and Interchange DTD v1.2 20190208//EN" "https://jats.nlm.nih.gov/archiving/1.2/JATS-archivearticle1.dtd">
<article xmlns:xlink="http://www.w3.org/1999/xlink" xmlns:ali="http://www.niso.org/schemas/ali/1.0/"><front><article-meta><article-categories></article-categories><title-group><article-title>3D-Digitalisierung und Langzeitarchivierung</article-title></title-group><permissions/></article-meta></front><body id="body"><sec id="h-1"><sec id="H582617"><title>Umfrageergebnisse aus der NFDI4Culture Community</title><p id="p-1">Version: 1.0.0, Dezember 2023</p><p id="p-2">Jörg Heseler, Matthias Arnold, Alexandra Büttner und Simon Worthington</p></sec><sec id="H1121674"><title>Umfrageergebnisse</title></sec><sec id="H3954656"><title>Einleitung</title><p id="p-3">Eines der Projektziele von <ext-link xlink:href="https://nfdi4culture.de/" ext-link-type="uri" xlink:title="https://nfdi4culture.de/">NFDI4Culture – Konsortium für Forschungsdaten materieller und immaterieller Kulturgüter</ext-link> und speziell der <ext-link xlink:href="https://nfdi4culture.de/de/ueber-uns/aufgabenbereiche/aufgabenbereich-4.html" ext-link-type="uri" xlink:title="https://nfdi4culture.de/de/ueber-uns/aufgabenbereiche/aufgabenbereich-4.html">Task Area Datenpublikation und Langzeitarchivierung</ext-link> (TA4) ist die Entwicklung von Konzepten für zentrale Langzeitarchivierungsdienste zur Sicherstellung einer nachhaltigen Infrastruktur. Dabei stehen insbesondere Publikationen aus kulturellen Disziplinen mit 3D-Daten im Vordergrund. Die Entwicklung solcher Konzepte setzt die Kenntnis der Bedürfnisse der Produzierenden, Anbietenden und Verwaltenden von Forschungsdaten voraus. Zur Bedarfsermittlung wurde eine Umfrage zur Erstellung, Nutzung und Handhabung von 3D-Modellen durchgeführt, deren Ergebnisse im Folgenden diskutiert werden.</p></sec><sec id="H4019985"><title>Auswertung</title><sec id="H3771123"><title>1. Teilnehmende und Disziplinen</title><p id="p-4">Die Umfrage zur 3D-Digitalisierung und Langzeitarchivierung wurde während des <ext-link xlink:href="https://nfdi4culture.de/de/aktuelles/veranstaltungen/forum-3d-digital-preservation.html" ext-link-type="uri" xlink:title="null">NFDI4Culture-Forums „3D-Objekte: Digitalisierung, Präsentation und Langzeitarchivierung“</ext-link> im Mai 2022 durchgeführt. Dieses Forum wurde kollaborativ von den Aufgabenbereichen <ext-link xlink:href="https://nfdi4culture.de/de/ueber-uns/aufgabenbereiche/aufgabenbereich-1.html" ext-link-type="uri" xlink:title="https://nfdi4culture.de/de/ueber-uns/aufgabenbereiche/aufgabenbereich-1.html">Digitalisierung und Anreicherung digitaler Kulturgüter</ext-link> (TA1) und <ext-link xlink:href="https://nfdi4culture.de/de/ueber-uns/aufgabenbereiche/aufgabenbereich-4.html" ext-link-type="uri" xlink:title="https://nfdi4culture.de/de/ueber-uns/aufgabenbereiche/aufgabenbereich-4.html">Datenpublikation und Langzeitarchivierung</ext-link> (TA4) organisiert. Ziel der Veranstaltung war es, den Austausch zwischen 3D-Datengebenden und Repositorienbetreibenden zu unterstützen, um Bedarfe und Probleme aufzuzeigen und in Zukunft gemeinsam an deren Lösung zu arbeiten. Das Hauptziel dieser Umfrage war, verwendete Dateiformate und Metadatenschemata im Bereich 3D zu ermitteln, die von den NFDI4Culture Communities, also Medien- und Musikwissenschaften sowie Architektur, Kunstgeschichte und Darstellende Kunst, verwendet werden. </p><fig id="F31139281"><label>Abbildung 1</label><caption><p>Welcher Disziplin würden Sie sich selbst zuordnen?</p></caption><graphic position="anchor" xlink:href="1bf2bbbd-149e-42e3-9688-5349c2230a9c.png"/></fig><p id="p-5">Zuerst wurde nach den Disziplinen gefragt, zu denen die Befragten gehören. Neun von zwanzig Teilnehmenden (45 %) ordneten sich NFDI4Culture-Disziplinen zu. Davon war Architektur mit 17,5 % am häufigsten vertreten, gefolgt von Kunstwissenschaft mit 15 %, Medienwissenschaft mit 10 % und Tanzwissenschaft mit 2,5 %. Teilnehmende konnten sich dabei mehreren Fachbereichen zuordnen. Weitere personenbezogene Daten wurden nicht erfasst.</p></sec><sec id="H5921192"><title>2. Digitalisierungsmethoden</title><fig id="F89242311"><label>Abbildung 2</label><caption><p>Welche Methoden verwenden Sie, um 3D-Objekte zu digitalisieren?</p></caption><graphic position="anchor" xlink:href="aef67e4d-ba8d-4c3b-aa93-180538ce8521.png"/></fig><p id="p-6">Auf die Frage, welche Digitalisierungsmethoden unsere Teilnehmenden verwenden, wurde fünfzehnmal Fotogrammetrie-, gefolgt von elfmal Streifenlicht- und neunmal Laserscanverfahren sowie siebenmal Geländemodelle, jeweils viermal Structure-from-Motion (SfM) und Computertomographie (CT) sowie jeweils zweimal terrestrisches Laserscanning (TLS) und Reflectance Transformation Imaging (RTI) genannt. Letztlich wurden auch jeweils einmal die Modellierung abstrakter Modelle wie etwa von Molekülen, aber auch der Einsatz von Röntgen (X-ray) erwähnt.</p></sec><sec id="H7129674"><title>3. Digitalisierte Objekte</title><fig id="F52753671"><label>Abbildung 3</label><caption><p>Was digitalisieren Sie? (Geordnet nach Objektgröße)</p></caption><graphic position="anchor" xlink:href="084455be-e7eb-4935-bd26-9fa048184f34.png"/></fig><p id="p-7">Hinsichtlich der zu digitalisierenden Objekte war die Vielfalt in Bezug auf Größe, Material und Oberflächenstruktur bezeichnend. Häufig genannt wurden Museumsobjekte, von Töpferwaren bis zu Skulpturen aus verschiedenen Materialien, wie etwa Keramik oder Metall. Weiter folgten sehr große Objekte, wie Gebäude und Landschaften, die meist im Zusammenhang mit der Erfassung mittels Stand-Laserscannern oder Drohnen mit Fotogrammetrieverfahren genannt wurden. Neben den zuvor erwähnten modellierten Molekülen wurden letztlich auch sehr kleine Objekte wie Insekten, Fossilien oder auch Knochen genannt, für die hauptsächlich CT- oder Röntgenverfahren zum Einsatz kamen. </p></sec><sec id="H3243673"><title>4. Metadatenschemata</title><fig id="F43775711"><label>Abbildung 4</label><caption><p>Welche Metadatenschemata verwenden Sie?</p></caption><graphic position="anchor" xlink:href="d7e233d1-915f-4c52-b3d1-18e93e78f9bb.png"/></fig><p id="p-8">Auf die Frage nach den zur Beschreibung der physischen und digitalen Objekte verwendeten Metadatenschemata wurden zweimal das XML-Schema Lightweight Information Describing Objects (LIDO) und jeweils einmal Dublin Core, Simple Knowledge Organization System (SKOS), Conceptual Reference Model of the International Council (CIDOC), DataCite, Data Catalog Vocabulary (DCAT) sowie ein Metadatenschema von Homburg et al. genannt. Vereinzelt wurden auch Datenrepräsentationsformen oder Konzepte zur Strukturierung bibliographischer Informationen genannt, auf die hier nicht weiter eingegangen wird.</p><p id="p-9">Schließlich gaben vier Befragte an, keine Metadatenschemata zu verwenden. Eine teilnehmende Person führte zudem an, mit dem Begriff Metadatenschema nicht vertraut zu sein. Darüber hinaus machten sieben Teilnehmende keine Angaben zu dieser Frage.</p></sec><sec id="H3902061"><title>5. Digitalisierungssoftware</title><fig id="F21079741"><label>Abbildung 5</label><caption><p>Welche Software verwenden Sie, um 3D-Objekte zu digitalisieren?</p></caption><graphic position="anchor" xlink:href="2550bf43-a8fe-4b6c-a001-791f697a389f.png"/></fig><p id="p-10">Bezüglich 3D-Digitalisierungssoftware wurden sowohl 3D-Scan- als auch Fotogrammetrie-, 3D-Scan-Analyse- und Modellierungssoftware sowie eine Spiel-Engine, aber auch 3D-Reverse-Engineering-, Dokumentations- und 2D-Bildverarbeitungssoftware genannt. Als 3D-Scan-Software wurde sechsmal Artec Studio, gefolgt von jeweils dreimal GOM ATOS und Leica Cyclone, sowie zweimal 3D-Scan-Software des Fraunhofer-Institutes für Graphische Datenverarbeitung aufgezählt. Außerdem wurden jeweils einmal Isra Vision Polymetric, OPTOCAT, Autodesk ReCap Photo, VXelements, Geomagic Wrap sowie 3D-Scan-Software von Zeiss und Z+F erwähnt. An Fotogrammetriesoftware wurde elfmal Agisoft Metashape, viermal Meshroom, zweimal RealityCapture und einmal 3DF Zephyr genannt. Darüber hinaus wurde zweimal das 3D-Analyse-Tool GOM Inspect aufgezählt. Abschließend folgten jeweils einmal die 3D-Modellierungssoftware Blender und Autodesk 3ds Max, die CAD-Modellierungssoftware Autodesk AutoCAD, der Spiel-Engine Unity, die 3D-Reverse-Engineering-Software Geomagic Design X, die Dokumentationssoftware TroveSketch sowie die 2D-Bildverarbeitungssoftware darktable.</p></sec><sec id="H706109"><title>6. Erfassungshardware</title><fig id="F71621841"><label>Abbildung 6</label><caption><p>Welche Hardware verwenden Sie zur Erfassung von 3D-Objekten?</p></caption><graphic position="anchor" xlink:href="7fe98d36-3707-4ceb-ba63-6642e4d9e92f.png"/></fig><p id="p-11">An Hardware zur Objekterfassung wurden fünfzehnmal Standscanner erwähnt, die vor allem mit Laserlicht arbeiten und für mittelgroße bis große Objekte eingesetzt werden. Zudem wurden sechsmal Handscanner insbesondere für die Erfassung kleiner bis mittelgroßer Objekte aufgezählt, die mit Streifenlicht- oder Laserscanning-Methoden arbeiten. Zur Erfassung von Gebäuden und Landschaften wurde fünfmal der Einsatz von Drohnen genannt. Für die Erfassung von kleinen bis mittelgroßen Objekten wurde auch einmal ein Reflectance Transformation Imaging (RTI)-Kuppelscanner verwendet. Außerdem wurden neunmal Spiegelreflex (SLR)- und zweimal spiegellose Kameras aufgeführt, mit denen Fotos entweder zu Dokumentationszwecken oder zum Berechnen von 3D-Modellen mittels fotogrammetrischer Verfahren gemacht wurden. </p></sec><sec id="H4645805"><title>7. Anzeigegeräte für 3D-Daten</title><fig id="F37092101"><label>Abbildung 7</label><caption><p>Verwenden Sie spezielle Hardware, um Ihre 3D-Daten anzuzeigen?</p></caption><graphic position="anchor" xlink:href="97c278a4-7b53-4dd3-934f-4a56bd896a84.png"/></fig><p id="p-12">Sechs Teilnehmende gaben an, keine speziellen Geräte zur Darstellung von 3D-Daten zu nutzen. Davon abgesehen wurden viermal Virtual Reality (VR)-Brillen, davon zweimal die Brillen Oculus Rift sowie jeweils einmal die Oculus Quest und HTC Vive, genannt. Darüber hinaus wurde zweimal die Augmented Reality (AR)-Brille Microsoft Hololens aufgezählt. Auch ein Apple iPad-Tablet und ein Multi-Touch-Tisch wurden jeweils einmal erwähnt.</p></sec><sec id="H1346555"><title>8. 3D-Formate</title><fig id="F97910561"><label>Abbildung 8</label><caption><p>Mit welchen 3D-Formaten arbeiten Sie für die Digitalisierung, Präsentation oder digitale Langzeitarchivierung?</p></caption><graphic position="anchor" xlink:href="63735e55-48b7-439f-a25a-84402f27007d.png"/></fig><p id="p-13">Die für uns wichtigste Frage dieser Umfrage war, welche 3D-Formate die Community für verschiedene Anwendungsszenarien, wie Digitalisierung, Präsentation und digitale Langzeitarchivierung, verwendet. Von den Teilnehmenden wurden zwölfmal Wavefront OBJ, sechsmal Stanford Polygon (PLY), jeweils viermal Filmbox (FBX) und Stereolithographie (STL), jeweils zweimal das Graphics Language Transmission Format (GLTF bzw. die binäre Variante GLB) und Extensible 3D (X3D) aufgezählt. Außerdem wurden neben dem 3D-Format Nexus (NXS bzw. die komprimierte Variante NXZ) auch das im Bauwesen verbreitete Format Industry Foundation Classes (IFC) sowie das Punktwolkenformat XYZ und allgemein CT-Formate jeweils einmal genannt.</p></sec><sec id="H7940575"><title>9. Software zur 3D-Datenanzeige</title><fig id="F74212691"><label>Abbildung 9</label><caption><p>Verwenden Sie eine spezielle Software zur Darstellung Ihrer 3D-Daten?</p></caption><graphic position="anchor" xlink:href="3f2c7bb4-fde7-4859-b423-4beb309f1730.png"/></fig><p id="p-14">Abschließend stellten wir die Frage, welche Software zur Darstellung von 3D-Daten verwendet wird. Hier wurden sechsmal MeshLab, dreimal der 3DHOP Viewer, der auf dem Nexus adaptive 3D Viewer basiert, sowie zweimal CloudCompare aufgezählt. Weiter wurden jeweils einmal der RTIViewer, GigaMesh, Smithsonian Voyager, der Babylon Viewer und einmal der kompakkt-Viewer, der auf dem Babylon.js-Framework basiert, erwähnt. Ebenfalls wurden ein Viewer vom Fraunhofer-Institut für Graphische Datenverarbeitung sowie GOM Inspect und SketchFab aufgezählt. Eine teilnehmende Person gab an, einen eigenen WebGL-basierten Viewer zu verwenden.</p></sec></sec><sec id="H2658403"><title>Schlussfolgerung und Ausblick</title><p id="p-15">Die vorliegende Umfrage hat uns einen wertvollen Einblick in die von unserer Community verwendeten Formate, Geräte und Software zur 3D-Digitalisierung und -Langzeitarchivierung verschafft. Dies legt den Grundstein für weitere Untersuchungen und Entwicklungen.</p><p id="p-16">Ein erster interessanter Aspekt dieser Umfrage war die Frage nach der Verwendung von Metadatenschemata. Es bleibt unklar, warum sieben von zwanzig Teilnehmenden (35 %) hier keine Angaben gemacht haben. Zudem wurden aktuelle Metadatenschemata, z.B. CARARE oder Extensible Metadata Platform (XMP), nicht genannt. Letzteres wirft die Frage auf, inwieweit existierende Schemata für 3D-Daten von der Community akzeptiert und deren Bedürfnissen gerecht werden. Um dies besser zu verstehen, wäre eine tiefergehende Untersuchung dieses Themas erforderlich.</p><p id="p-17">Ein zweiter interessanter Aspekt war die Frage nach den verwendeten 3D-Formaten. Formate wie Extensible 3D (X3D) und Graphics Language Transmission Format (GLTF) bzw. Digital Asset Exchange (DAE) eignen sich zur Langzeitarchivierung besonders gut durch ihren hohen Grad an Offenlegung, Selbstdokumentation und Aktualität. Diese wurden jedoch nur in der Minderzahl bzw. letzteres nicht genannt. Auch wurden Formate aufgezählt, die für eine Langzeitarchivierung nicht geeignet sind: Filmbox (FBX) ist ein proprietäres Format, was bedeutet, dass es keine offen zugängliche Formatspezifikation gibt, die die genaue Struktur einer FBX-Datei beschreibt. Sollte dieses Format in Zukunft keine breite Anwendung mehr finden, werden Langzeitarchive möglicherweise nicht in der Lage sein, eigene Tools zum Rendern oder Konvertieren von FBX-Dateien zu entwickeln. Im Falle von Nexus (NXS bzw. NXZ) ist die Verbreitung zu gering, um sicherzustellen, dass es auch in 20 Jahren noch Tools gibt, die dieses Format darstellen können. Beim textbasierten Punktwolkenformat XYZ ist die Datenstruktur nicht eindeutig, weshalb dieses Format zum softwareunabhängigen Austausch ungeeignet ist. Das standardisierte ASTM E57-Format wäre hier eine Alternative zur Langzeitarchivierung von 3D-Punktwolken. CT-Formate hingegen wurden von uns bisher noch nicht auf ihre Archivfähigkeit untersucht. Schließlich zeigen die Angaben der Teilnehmenden auch, dass wir einerseits bei der Abfrage von Formaten in weiteren Umfragen den Zweck unterscheiden und andererseits weiter auf die Vorzüge langzeitarchivfähiger 3D-Formate hinweisen müssen.</p><p id="p-18">Ferner fällt auf, dass die verwendete 3D-Scan-Software weitgehend proprietär und gerätespezifisch ist. Ebenso ist die eingesetzte Fotogrammetriesoftware größtenteils nicht frei zugänglich. Positiv zu bewerten ist jedoch die große Anzahl genannter Open-Source-Viewer zur Anzeige von 3D-Daten.</p><p id="p-19">Zukünftige Umfragen werden diese Ergebnisse vertiefen und sich neben Langzeitarchivierungszwecken auch auf spezifische 3D-Anwendungsfälle konzentrieren. Um allgemeine Schlussfolgerungen zu ziehen, ist es entscheidend, eine größere Anzahl von Teilnehmenden zu erreichen und ihre spezifischen Hintergründe und Anforderungen besser zu verstehen.</p><p id="p-20">Abschließend ist geplant, auf Basis gesammelter Erkenntnisse und weiterer Untersuchungen einen Leitfaden für die digitale Langzeitarchivierung von 3D-Kulturerbeobjekten zu erstellen. Dieser Leitfaden wird dazu beitragen, bewährte Praktiken in den NFDI4Culture Communities zu etablieren und die Zusammenarbeit zwischen verschiedenen Akteuren im Bereich des kulturellen Erbes zu fördern.</p></sec><sec id="H708563"><title>Anhang: Umfragedaten</title><p id="p-21">Anonymisierte Quelldaten der Umfrage: <bold><break /></bold><ext-link xlink:href="https://github.com/NFDI4Culture/3d-digitalisierung-und-langzeitarchivierung/tree/main/survey-data" ext-link-type="uri" xlink:title="https://github.com/NFDI4Culture/3d-digitalisierung-und-langzeitarchivierung/tree/main/survey-data">https://github.com/NFDI4Culture/3d-digitalisierung-und-langzeitarchivierung/tree/main/survey-data</ext-link></p></sec><sec id="H9700383"><title>Danksagung</title><p id="p-22">Die Autor:innen danken allen Teilnehmenden für ihre wertvollen Beiträge und ihr Engagement bei dieser Umfrage. Ihre Einblicke werden dazu beitragen, die Zukunft der 3D-Digitalisierung und Langzeitarchivierung von Kulturerbeobjekten weiter voranzutreiben. Zudem danken wir den folgenden Kolleginnen für ihre hilfreichen Kommentare: Eva Bodenschatz und Sabrina Herzog.</p></sec></sec><sec id="H3641599"><title>Impressum</title><graphic id="F63780341" position="anchor" xlink:href="c311788f-07f7-4a45-9b48-1eac0238ff7a.png"/><p id="p-23">NFDI4Culture – Konsortium für Forschungsdaten zum materiellen und immateriellen Kulturerbe, <ext-link xlink:href="https://nfdi4culture.de/" ext-link-type="uri" xlink:title="null">https://nfdi4culture.de/</ext-link></p><p id="p-24">         </p><p id="p-25">         </p><p id="p-26">         </p><p id="p-27"><bold>Autor:inne</bold><bold>n</bold>:</p><p id="p-28">Heseler, Jörg; ORCID iD: <ext-link xlink:href="https://orcid.org/0000-0002-1497-627X" ext-link-type="uri" xlink:title="null">0000-0002-1497-627X</ext-link>; Sächsische Landesbibliothek – Staats- und Universitätsbibliothek Dresden (SLUB Dresden); ROR ID: <ext-link xlink:href="https://ror.org/03wf51b65" ext-link-type="uri" xlink:title="null">https://ror.org/03wf51b65</ext-link></p><p id="p-29">Arnold, Matthias; ORCID iD: <ext-link xlink:href="https://orcid.org/0000-0003-0876-6177" ext-link-type="uri" xlink:title="null">0000-0003-0876-6177</ext-link>; Ruprecht-Karls-Universität Heidelberg, Universitätsbibliothek; ROR ID: <ext-link xlink:href="https://ror.org/038t36y30" ext-link-type="uri" xlink:title="null">https://ror.org/038t36y30</ext-link></p><p id="p-30">Büttner, Alexandra; ORCID iD: <ext-link xlink:href="https://orcid.org/0000-0002-4950-0941" ext-link-type="uri" xlink:title="null">0000-0002-4950-0941</ext-link>; Ruprecht-Karls-Universität Heidelberg, Universitätsbibliothek; ROR ID: <ext-link xlink:href="https://ror.org/038t36y30" ext-link-type="uri" xlink:title="null">https://ror.org/038t36y30</ext-link></p><p id="p-31">Worthington, Simon; ORCID iD: <ext-link xlink:href="https://orcid.org/0000-0002-8579-9717" ext-link-type="uri" xlink:title="null">0000-0002-8579-9717</ext-link>; Deutsche Zentrale Fachbibliothek für Technik und Wirtschaft (TIB); ROR ID: <ext-link xlink:href="https://ror.org/04aj4c181" ext-link-type="uri" xlink:title="null">https://ror.org/04aj4c18</ext-link><ext-link xlink:href="https://ror.org/04aj4c181" ext-link-type="uri" xlink:title="null">1</ext-link></p><p id="p-32"><bold>Zitierung</bold>:</p><p id="p-33">Heseler, Jörg; Arnold, Matthias; Büttner, Alexandra; &amp; Worthington, Simon. (2023). <italic>3D-Digitalisierung und Langzeitarchivierung – Umfrageergebnisse aus der NFDI4Culture Community</italic>. Arbeitsgruppe Digitale Publikationen und Daten (NFDI4Culture). <ext-link xlink:href="https://doi.org/10.5281/zenodo.8033536" ext-link-type="uri" xlink:title="null">https://doi.org/10.5281/zenodo.8033536</ext-link>.</p><p id="p-34">Englische Version: Heseler, Jörg; Arnold, Matthias; Büttner, Alexandra; &amp; Worthington, Simon. (2023). <italic>3D Digitisation and Preservation – Survey Results from the NFDI4Culture Community</italic>. Digital Publications and Data Working Group (NFDI4Culture). <ext-link xlink:href="https://doi.org/10.5281/zenodo.8033413" ext-link-type="uri" xlink:title="null">https://doi.org/10.5281/zenodo.8033413</ext-link>.</p><p id="p-35"><bold><break /></bold><bold><break /></bold><bold>HTML-Version</bold>:</p><p id="p-36"><ext-link xlink:href="https://nfdi4culture.github.io/3d-digitalisierung-und-langzeitarchivierung/" ext-link-type="uri" xlink:title="3D-Digitalisierung und Langzeitarchivierung">https://nfdi4culture.github.io/3d-digitalisierung-und-langzeitarchivierung/</ext-link></p><p id="p-37">Englische Version: <ext-link xlink:href="https://nfdi4culture.github.io/3d-digitisation-and-preservation/" ext-link-type="uri" xlink:title="3D Digitisation and Preservation">https://nfdi4culture.github.io/3d-digitisation-and-preservation</ext-link><ext-link xlink:href="https://nfdi4culture.github.io/3d-digitisation-and-preservation/" ext-link-type="uri" xlink:title="3D Digitisation and Preservation">/</ext-link></p><p id="p-38"><bold>S</bold><bold>chlagworte</bold>: </p><p id="p-39"><ext-link xlink:href="https://www.wikidata.org/wiki/Q98276929" ext-link-type="uri" xlink:title="https://www.wikidata.org/wiki/Q98276929">NFDI4Culture</ext-link>; <ext-link xlink:href="https://www.wikidata.org/wiki/Q3490295" ext-link-type="uri" xlink:title="https://www.wikidata.org/wiki/Q3490295">Umfrage</ext-link>; <ext-link xlink:href="https://www.wikidata.org/wiki/Q3859833" ext-link-type="uri" xlink:title="https://www.wikidata.org/wiki/Q3859833">3D-Modell</ext-link>; <ext-link xlink:href="https://www.wikidata.org/wiki/Q35459920" ext-link-type="uri" xlink:title="https://www.wikidata.org/wiki/Q35459920">3D-Objekt</ext-link>; <ext-link xlink:href="https://www.wikidata.org/wiki/Q632897" ext-link-type="uri" xlink:title="https://www.wikidata.org/wiki/Q632897">digitale Langzeitarchivierung</ext-link>; <ext-link xlink:href="https://www.wikidata.org/wiki/Q843958" ext-link-type="uri" xlink:title="https://www.wikidata.org/wiki/Q843958">Digitalisierung</ext-link>; <ext-link xlink:href="https://www.wikidata.org/wiki/Q15809982" ext-link-type="uri" xlink:title="https://www.wikidata.org/wiki/Q15809982">Forschungsdaten</ext-link>; <ext-link xlink:href="https://www.wikidata.org/wiki/Q41623316" ext-link-type="uri" xlink:title="https://www.wikidata.org/wiki/Q41623316">Metadatenschem</ext-link><ext-link xlink:href="https://www.wikidata.org/wiki/Q41623316" ext-link-type="uri" xlink:title="https://www.wikidata.org/wiki/Q41623316">a</ext-link>; <ext-link xlink:href="https://www.wikidata.org/wiki/Q235557" ext-link-type="uri" xlink:title="https://www.wikidata.org/wiki/Q235557">Dateiformat</ext-link></p><p id="p-40"><bold>Finanzierung</bold>:</p><p id="p-41">NFDI4Culture und diese Untersuchung werden durch die Deutsche Forschungsgemeinschaft (DFG) unter der Projektnummer <ext-link xlink:href="https://gepris.dfg.de/gepris/projekt/441958017" ext-link-type="uri" xlink:title="null">441958017</ext-link> gefördert.</p><p id="p-42">DFG: <ext-link xlink:href="https://www.dfg.de/" ext-link-type="uri" xlink:title="https://www.dfg.de/">https://www.dfg.de/</ext-link>; ROR ID: <ext-link xlink:href="https://ror.org/018mejw64" ext-link-type="uri" xlink:title="null">https://ror.org/018mejw64</ext-link> </p><p id="p-43"><bold>Lizenzen</bold>:</p><graphic id="F36333171" position="anchor" xlink:href="a25da50e-a434-4a58-a212-8effd5900985.png"/><p id="p-44">        </p><p id="p-45">Dieses Werk ist lizenziert unter einer <ext-link xlink:href="https://creativecommons.org/licenses/by/4.0/" ext-link-type="uri" xlink:title="null">Creative Commons Namensnennung 4.0 International Lizenz</ext-link>.</p><p id="p-46">        </p><p id="p-47">© Copyright der Texte: Die Autor:innen, 2023.</p><p id="p-48"><bold>Schriftarten</bold>:</p><p id="p-49">Inter; Lizenz: <ext-link xlink:href="https://github.com/rsms/inter/blob/master/LICENSE.txt" ext-link-type="uri" xlink:title="https://github.com/rsms/inter/blob/master/LICENSE.txt">SIL Open Font License, Version 1.1</ext-link>; Projektleitung: Rasmus Andersson; <ext-link xlink:href="https://github.com/rsms/inter/" ext-link-type="uri" xlink:title="null">https://github.com/rsms/inter/</ext-link></p><p id="p-50">Playfair Display; Lizenz: <ext-link xlink:href="https://github.com/clauseggers/Playfair/blob/master/OFL.txt" ext-link-type="uri" xlink:title="https://github.com/clauseggers/Playfair/blob/master/OFL.txt">SIL Open Font License, Version 1.1</ext-link>; Designer: Claus Eggers Sørensen; <ext-link xlink:href="https://github.com/clauseggers/Playfair" ext-link-type="uri" xlink:title="https://github.com/clauseggers/Playfair">https://github.com/clauseggers/Playfair</ext-link></p><p id="p-51">Roboto Slab; Lizenz: <ext-link xlink:href="https://github.com/googlefonts/robotoslab/blob/main/LICENSE.txt" ext-link-type="uri" xlink:title="https://github.com/googlefonts/robotoslab/blob/main/LICENSE.txt">Apache License, Version 2.0</ext-link>; Designer: Christian Robertson; <ext-link xlink:href="https://github.com/googlefonts/robotoslab" ext-link-type="uri" xlink:title="null">https://github.com/googlefonts/robotoslab</ext-link></p><p id="p-52"><bold>Technische Informationen</bold>:</p><p id="p-53">ADA Semantic Publishing Pipeline: <ext-link xlink:href="https://github.com/NFDI4Culture/ADA-semantic-publishing" ext-link-type="uri" xlink:title="null">https://github.com/NFDI4Culture/ADA-semantic-publishing</ext-link> </p><p id="p-54">Multiformat-CSS-Thematisierung: <ext-link xlink:href="https://interpunct.dev/" ext-link-type="uri" xlink:title="null">Interpunct.de</ext-link><ext-link xlink:href="https://interpunct.dev/" ext-link-type="uri" xlink:title="null">v</ext-link></p></sec></body><back></back></article>